id,name
smart-contract-platform,Smart Contract Platform
layer-1,Layer 1 (L1)
proof-of-work-pow,Proof of Work (PoW)
world-liberty-financial-portfolio,World Liberty Financial Portfolio
proof-of-stake-pos,Proof of Stake (PoS)
made-in-usa,Made in USA
stablecoins,Stablecoins
usd-stablecoin,USD Stablecoin
fiat-backed-stablecoin,Fiat-backed Stablecoin
alleged-sec-securities,Alleged SEC Securities
exchange-based-tokens,Exchange-based Tokens
made-in-china,Made in China
centralized-exchange-token-cex,Centralized Exchange (CEX) Token
decentralized-finance-defi,Decentralized Finance (DeFi)
liquid-staking-tokens,Liquid Staking Tokens
liquid-staking,Liquid Staking
asset-backed-tokens,Crypto-Backed Tokens
wrapped-tokens,Wrapped-Tokens
real-world-assets-rwa,Real World Assets (RWA)
meme-token,Meme
governance,Governance
liquid-staked-eth,Liquid Staked ETH
privacy-coins,Privacy
dog-themed-coins,Dog-Themed
infrastructure,Infrastructure
4chan-themed,4chan-Themed
decentralized-exchange,Decentralized Exchange (DEX)
elon-musk-inspired-coins,Elon Musk-Inspired
bridged-tokens,Bridged-Tokens
artificial-intelligence,Artificial Intelligence (AI)
binance-alpha-spotlight,Binance Alpha Spotlight
yzi-labs-portfolio,YZi Labs (Prev. Binance Labs) Portfolio
tokenized-btc,Tokenized BTC
bridged-stablecoins,Bridged Stablecoin
decentralized-perpetuals,Perpetuals
defi-pulse-index-dpi,Index Coop Defi Index
zero-knowledge-zk,Zero Knowledge (ZK)
yield-bearing-stablecoins,Yield-Bearing Stablecoin
restaking,Restaking
tokenized-private-credit,Tokenized Private Credit
bridged-usdt,Bridged USDT
depin,DePIN
layer-2,Layer 2 (L2)
decentralized-derivatives,Derivatives
chain-abstraction,Chain Abstraction
yield-farming,Yield Farming
liquid-restaking-tokens,Liquid Restaking Tokens
rwa-protocol,RWA Protocol
superchain-ecosystem,Optimism Superchain Ecosystem
cross-chain-communication,Cross-chain Communication
bitcoin-fork,Bitcoin Fork
stablecoin-issuer,Stablecoin Issuer
oracle,Oracle
non-fungible-tokens-nft,NFT
synthetic-dollar,Synthetic Dollar
automated-market-maker-amm,Automated Market Maker (AMM)
x402-ecosystem,x402 Ecosystem
binance-launchpool,Binance Launchpool
cybersecurity,Cybersecurity
layer-0-l0,Layer 0 (L0)
ether-fi-ecosystem,Ether.fi Ecosystem
crypto-backed-stablecoin,Crypto-backed Stablecoin
directed-acyclic-graph-dag,Directed Acyclic Graph (DAG)
trump-affiliated-tokens,Trump-Affiliated
gaming,Gaming (GameFi)
privacy-blockchain,Privacy Blockchain
tokenized-products,Tokenized Assets
launchpad,Launchpad
solana-meme-coins,Solana Meme
liquid-staked-sol,Liquid Staked SOL
lending-borrowing,Lending/Borrowing Protocols
neobank,Neobank
rollup,Rollup
play-to-earn,Play To Earn
tokenized-commodities,Tokenized Commodities
binance-hodler-airdrops,Binance HODLer Airdrops
data-availability,Data Availability
tokenized-gold,Tokenized Gold
wallets,Wallets
binance-launchpad,Binance Launchpad
ai-agents,AI Agents
metaverse,Metaverse
socialfi,SocialFi
bridged-usdc,Bridged USDC
identity,Decentralized Identifier (DID)
storage,Storage
frog-themed-coins,Frog-Themed
payment-solutions,Payment Solutions
binance-peg-tokens,Binance-Peg Tokens
the-boy-s-club,The Boyâ€™s Club
internet-of-things-iot,Internet of Things (IOT)
gaming-blockchains,Gaming Blockchains
bridged-weth,Bridged WETH
ai-framework,AI Framework
ai-agent-launchpad,AI Agent Launchpad
lp-tokens,LP Tokens
us-treasury-backed-stablecoin,US Treasury-backed Stablecoin
mobile-mining,Mobile Mining
yield-bearing-tokens,Yield-Bearing
pump-fun,Pump.fun Ecosystem
liquid-staked-btc,Liquid Staked BTC
masternodes,Masternodes
sidechain,SideChain
analytics,Analytics
gaming-utility-token,Gaming Utility Token
tokenized-t-bills,Tokenized Treasury Bills (T-Bills)
morpho-ecosystem,Morpho Ecosystem
politifi,PolitiFi
ip-meme,IP Meme
airdropped-tokens-by-nft-projects,Airdropped Tokens by NFT Projects
ai-meme-coins,AI Meme
liquid-staking-governance-tokens,Liquid Staking Governance Tokens
gambling,Gambling (GambleFi)
dex-aggregator,Dex Aggregator
binance-wallet-ido,Binance Wallet IDO
bitcoin-layer-2,Bitcoin Sidechains
bridged-wbtc,Bridged WBTC
virtuals-protocol-ecosystem,Virtuals Protocol Ecosystem
name-service,Name Service
ai-applications,AI Applications
prediction-markets,Prediction Markets
robotics,Robotics
modular-blockchain,Modular Blockchain
liquid-restaking-governance-token,Liquid Restaking Governance Tokens
gaming-governance-token,Gaming Governance Token
sports,Sports
parallel-evm,Parallelized EVM
ip,IP
defai,DeFAI
telegram_apps,Telegram Apps
bittensor-subnets,Bittensor Subnets
curve-ecosystem,Curve Ecosystem
cat-themed-coins,Cat-Themed
btcfi,BTCfi Protocol
decentralized-options,Options
simulation-games,Simulation Games
entertainment,Entertainment
murad-picks,Murad Picks
account-abstraction,Account Abstraction
rpg,RPG
gaming-marketplace,Gaming Marketplace
tokenized-treasury-bonds-t-bonds,Tokenized Treasury Bonds (T-Bonds)
buidlpad-launchpad,Buidlpad Launchpad
bridge-governance-tokens,Bridge Governance Tokens
synthetic,Synthetic
vpn,VPN
bridged-dai,Bridged DAI
eur-stablecoin,EUR Stablecoin
base-meme-coins,Base Meme
gaming-platform,Gaming Platform
cefi,CeFi
algorithmic-stablecoin,Algorithmic Stablecoin
mev-protection,MEV Protection
on-chain-gaming,On-chain Gaming
lsdfi,LSDFi
tokenfi-launchpad,TokenFi Launchpad
stock-market-themed,Stock market-themed
hyperunit-ecosystem,Hyperunit Ecosystem
decentralized-science-desci,Decentralized Science (DeSci)
four-meme-ecosystem,Four.meme Ecosystem (BNB Memes)
communication,Communication
aave-tokens,Aave Tokens
midas-liquid-yield-tokens,Midas Liquid Yield Tokens
yield-aggregator,Yield Aggregator
echo-launchpad,Echo Launchpad
infofi,InfoFi
intent,Intent
synthetic-issuer,Synthetic Issuer
fixed-interest,Fixed Interest
impossible-launchpad,Impossible Finance Launchpad
liquid-restaked-eth,Liquid Restaked ETH
yield-tokenization,Yield Tokenization Protocol
appchains,Appchains
seigniorage,Seigniorage
lrtfi,LRTfi
avalanche-subnet,Avalanche L1
rebase-tokens,Rebase Tokens
card-games,Card Games
quantum-resistant,Quantum-Resistant
education,Education
ondo-tokenized-assets,Ondo Tokenized Assets
terminal-of-truths,Terminal of Truths
yearn-yfi-partnerships-mergers,Yearn Ecosystem
tradable-ecosystem,Tradable Ecosystem
nft-marketplace,NFT Marketplace
axie-infinity,Axie Infinity Ecosystem
nftfi,NFTFi
yield-optimizer,Yield Optimizer
chinese-meme,Chinese Meme
rollups-as-a-service-raas,Rollups-as-a-Service (RaaS)
fan-token,Fan Token
breeding,Breeding
zoo-themed,Zoo-Themed
e-commerce,E-commerce
centralized-exchange-cex-product,Centralized Exchange (CEX) Product
layer-3-l3,Layer 3 (L3)
synths,Synthetic Asset
insurance,Insurance
tokenized-silver,Tokenized Silver
metagovernance,Metagovernance
olympus-pro,Olympus Pro Ecosystem
letsbonk-fun-ecosystem,BONK.fun Ecosystem
retail,Retail
compound-tokens,Compound Tokens
runes,Runes
defi-index,DeFi Index
wojak-themed,Wojak-Themed
massively-multiplayer-online-mmo,MMO
inscriptions,Inscriptions
bitcoin-meme,Bitcoin Meme
action-games,Action Games
daomaker-ecosystem,DaoMaker Launchpad
energy,Energy
clanker-ecosystem,Clanker Ecosystem
brc-20,BRC-20
hybrid-token-standards,Hybrid Token Standards
xstocks-ecosystem,BackedFi xStocks Ecosystem
real-estate,Tokenized Real Estate
arcade-games,Arcade Games
trading-bots,Trading Bots
adventure-games,Adventure Games
strategy-games,Strategy Games
marketing,Marketing
tap-to-earn,Tap to Earn
tiktok-meme,TikTok Meme
eco-friendly,Regenerative Finance (ReFi)
tokenized-stock,Tokenized Stock
healthcare,Healthcare
move-to-earn,Move To Earn
binance-megadrop,Binance Megadrop
parody-meme-coins,Parody Meme
farcaster-ecosystem,Farcaster Ecosystem
celebrity-themed-coins,Celebrity-Themed
ton-meme-coins,TON Meme
sports-games,Sports Games
memorial-themed,Memorial Themed
legal,Legal
music,Music
capital-launchpad,Capital Launchpad
believe-app-ecosystem,Believe.app Ecosystem
poolz-finance-launchpad,Poolz Finance Launchpad
liquid-staked-apt,Liquid Staked APT	
guild-scholarship,Guild and Scholarship
discord-bots,Discord Bots
commodity-backed-stablecoin,Commodity-backed Stablecoin
metadao-launchpad,MetaDAO Launchpad
augmented-reality,Augmented Reality
chaingpt-pad,ChainGPT Launchpad
desci-meme,Desci Meme
anime-themed-coins,Anime-Themed
charity,Charity
liquid-restaked-sol,Liquid Restaked SOL
tourism,Tourism
quest-to-earn,Quest-to-Earn
nft-strategy-flywheel,NFT Strategy Flywheel
game-studio,Game Studio
nftstrategy-ecosystem,NFTStrategy Ecosystem
sui-meme,Sui Meme
shooting-games,Shooting Games
token-2022,Solana Token-2022
ohm-fork,Ohm Fork
racing-games,Racing Games
wall-street-bets-themed-coins,Wall Street Bets Themed
fractionalized-nft,Fractionalized NFT
leveraged-token,Leveraged Token
camelot-launchpad,Camelot Launchpad
virtual-reality,Virtual Reality
tokenized-exchange-traded-funds-etfs,Tokenized Exchange-Traded Funds (ETFs)
mascot-themed,Mascot-Themed
moonshot-ecosystem,Moonshot Ecosystem
nft-launchpad,NFT Launchpad
tron-meme,TRON Meme
yield-tokenization-product,Yield Tokenization Product
paal-ai,PAAL AI Launchpad
sun-pump-ecosystem,Sun Pump Ecosystem
tokensets,TokenSets Ecosystem
liquid-staked-sui,Liquid Staked SUI
nft-lending-borrowing,NFT Lending/Borrowing
jpy-stablecoin,JPY Stablecoin
wormhole-assets,Wormhole Assets
creatorbid-ecosystem,CreatorBid Ecosystem
trading-card-rwa-platform,Trading Card RWA Platform
gotchiverse,Gotchiverse
sgd-stablcoin,SGD Stablcoin
animal-racing,Animal Racing
realt-tokens,RealT Tokens
recruitment-solutions,Recruitment
idr-stablecoin,IDR Stablecoin
zora-creator-coins,Zora Creator
bridged-wsteth,Bridged wstETH
cny-stablecoin,CNY Stablecoin
market-making-solution,Market-Making Solution
fighting-games,Fighting Games
decentralized-lottery,Decentralized Lottery
country-themed-meme-coins,Country-Themed Meme
farming-as-a-service-faas,Farming-as-a-Service (FaaS)
bridged-frax,Bridged FRAX
reddit-points,Reddit Points
christmas-themed,Christmas Themed
spl22,SPL22
erc-404,ERC 404
prestocks-ecosystem,PreStocks Ecosystem
bagsapp-ecosystem,BagsApp Ecosystem
drc-20,DRC-20
pump-fun-creator,Pump.fun Creator
gbp-stablecoin,GBP Stablecoin
zodiac-themed,Zodiac-Themed
kommunitas,Kommunitas Launchpad
daos-fun-ecosystem,daos.fun Ecosystem
pump-science-ecosystem,Pump Science Ecosystem
nft-index,NFT Index
emoji-themed,Emoji-Themed
duck-themed-coins,Duck-Themed
spore-fun-ecosystem,Spore.fun Ecosystem
flaunch-ecosystem,Flaunch Ecosystem
farming-games,Farming Games
time-fun-ecosystem,Time.fun Ecosystem
sticker-themed-coin,Sticker-Themed Coins
erc20i,ERC20i
krw-stablecoin,KRW Stablecoin
stx-city-ecosystem,STX.CITY Ecosystem
etf,ETF
hyperxpad-launchpad,HyperXpad Launchpad
yearn-vault-tokens,Yearn Vault Tokens
dn-404, DN-404
nft-amm,NFT AMM
dinari-ecosystem,Dinari Ecosystem
puzzle-games, Puzzle Games
index-coop-metaverse-index,Index Coop Metaverse Index
bridged-wavax,Bridged WAVAX
friend-tech,Friend.tech Ecosystem
flooring-protocol,Floor Protocol Tokens
bridged-wbnb,Bridged WBNB
opinions-fun-ecosystem,Opinions.fun Ecosystem
bitstarters-launchpad,BitStarters Launchpad
asc-20,ASC-20
src-20,SRC-20
tower-defense-games,Tower Defense Games
atomicals-arc-20,Atomicals (ARC-20)
gate-fun-ecosystem,Gate Fun Ecosystem
nft-aggregator,NFT Aggregator
ethereum-ecosystem,Ethereum Ecosystem
binance-smart-chain,BNB Chain Ecosystem
solana-ecosystem,Solana Ecosystem
base-ecosystem,Base Ecosystem
polygon-ecosystem,Polygon Ecosystem
arbitrum-ecosystem,Arbitrum Ecosystem
avalanche-ecosystem,Avalanche Ecosystem
fantom-ecosystem,Fantom Ecosystem
optimism-ecosystem,Optimism Ecosystem
ton-ecosystem,TON Ecosystem
sui-ecosystem,Sui Ecosystem
xdai-ecosystem,Gnosis Chain Ecosystem
cronos-ecosystem,Cronos Ecosystem
osmosis-ecosytem,Osmosis Ecosystem
tron-ecosystem,Tron Ecosystem
chiliz-ecosystem,Chiliz Ecosystem
blast-ecosystem,Blast Ecosystem
cardano-ecosystem,Cardano Ecosystem
bitcoin-ecosystem,Bitcoin Ecosystem
bittensor-ecosystem,Bittensor Ecosystem
sonic-ecosystem,Sonic Ecosystem
harmony-ecosystem,Harmony Ecosystem
energi-ecosystem,Energi Ecosystem
linea-ecosystem,Linea Ecosystem
hyperevm-ecosystem,HyperEVM Ecosystem
klaytn-ecosystem,Kaia Ecosystem
near-protocol-ecosystem,Near Protocol Ecosystem
aptos-ecosystem,Aptos Ecosystem
berachain-ecosystem,Berachain Ecosystem
xrp-ledger-ecosystem,XRP Ledger Ecosystem
abstract-ecosystem,Abstract Ecosystem
hedera-ecosystem,Hedera Ecosystem
bitcichain-ecosystem,Bitcichain Ecosystem
mantle-ecosystem,Mantle Ecosystem
algorand-ecosystem,Algorand Ecosystem
scroll-ecosystem,Scroll Ecosystem
celo-ecosystem,Celo Ecosystem
cosmos-ecosystem,Cosmos Ecosystem
metis-ecosystem,Metis Ecosystem
tezos-ecosystem,Tezos Ecosystem
moonriver-ecosystem,Moonriver Ecosystem
hyperliquid-ecosystem,Hyperliquid Ecosystem
plume-network-ecosystem,Plume Network Ecosystem
multiversx-ecosystem,MultiversX Ecosystem
stellar-ecosystem,Stellar Ecosystem
sora-ecosystem,Sora Ecosystem
sei-v2-ecosystem,Sei Network Ecosystem
x-layer-ecosystem,X Layer Ecosystem
core-ecosystem,Core Ecosystem
internet-computer-ecosystem,Internet Computer Ecosystem
dot-ecosystem,Polkadot Ecosystem
mode-ecosystem,Mode Ecosystem
aurora-ecosystem,Aurora Ecosystem
starknet-ecosystem,Starknet Ecosystem
manta-network-ecosystem,Manta Network Ecosystem
terra-ecosystem,Terra Ecosystem
ronin-ecosystem,Ronin Ecosystem
archway-ecosystem,Archway Ecosystem
stacks-ecosystem,Stacks Ecosystem
kava-ecosystem,Kava Ecosystem
huobi-eco-chain-ecosystem,Huobi ECO Chain Ecosystem
kaspa-ecosystem,Kaspa Ecosystem
unichain-ecosystem,Unichain Ecosystem
plasma-ecosystem,Plasma Ecosystem
fuse-ecosystem,Fuse Ecosystem
polygon-zkevm-ecosystem,Polygon zkEVM Ecosystem
viction-ecosystem,Viction Ecosystem
xdc-ecosystem,XDC Ecosystem
fraxtal-ecosystem,Fraxtal Ecosystem
iotex-ecosystem,IoTeX Ecosystem
terra-classic-ecosystem,Terra Classic Ecosystem
injective-ecosystem,Injective Ecosystem
merlin-chain-ecosystem,Merlin Chain Ecosystem
ink-ecosystem,Ink Ecosystem
soneium-ecosystem,Soneium Ecosystem
canto-ecosystem,Canto Ecosystem
secret-ecosystem,Secret Ecosystem
zetachain-ecosystem,ZetaChain Ecosystem
zilliqa-ecosystem,Zilliqa Ecosystem
kardiachain-ecosystem,KardiaChain Ecosystem
ethereumpow-ecosystem,EthereumPoW Ecosystem
flare-network-ecosystem,Flare Network Ecosystem
rootstock-ecosystem,Rootstock Ecosystem
shibarium,Shibarium Ecosystem
telos-ecosystem,Telos Ecosystem
milkomeda-cardano-ecosystem,Milkomeda (Cardano) Ecosystem
radix-ecosystem,Radix Ecosystem
katana-ecosystem,Katana Ecosystem
astar-ecosystem,Astar Ecosystem
apechain-ecosystem,ApeChain Ecosystem
dogechain-ecosystem,Dogechain Ecosystem
velas-ecosystem,Velas Ecosystem
world-chain-ecosystem,World Chain Ecosystem
etherlink-ecosystem,Etherlink Ecosystem
evmos-ecosystem,Evmos Ecosystem
skale-ecosystem,Skale Ecosystem
cronos-zkevm-ecosystem,Cronos zkEVM Ecosystem
meter-ecosystem,Meter Ecosystem
immutable-ecosystem,Immutable zkEVM Ecosystem
neon-ecosystem,Neon Ecosystem
arbitrum-nova-ecosystem,Arbitrum Nova Ecosystem
opbnb-ecosystem,opBNB Ecosystem
swellchain-ecosystem,Swellchain Ecosystem
flow-evm-ecosystem,Flow EVM Ecosystem
iota-evm-ecosystem,IOTA EVM Ecosystem
waves-ecosystem,Waves Ecosystem
wemix-ecosystem,WEMIX Ecosystem
oasys-ecosystem,Oasys Ecosystem
conflux-ecosystem,Conflux Ecosystem
hemi-ecosystem,Hemi Ecosystem
story-ecosystem,Story Ecosystem
hydration-ecosystem,Hydration Ecosystem
tac-ecosystem,TAC Ecosystem
peaq-ecosystem,Peaq Ecosystem
kujira-ecosystem,Kujira Ecosystem
lisk-ecosystem,Lisk Ecosystem
oasis-emerald-ecosystem,Oasis Emerald Ecosystem
beam-ecosystem,Beam Ecosystem
ergo-ecosystem,Ergo Ecosystem
eclipse-ecosystem,Eclipse Ecosystem
bittorrent-ecosystem,BitTorrent Ecosystem
bitlayer-ecosystem,Bitlayer Ecosystem
zircuit-ecosystem,Zircuit Ecosystem
heco-chain-ecosystem,HECO Chain Ecosystem
lightlink-ecosystem,LightLink Ecosystem
morph-l2-ecosystem,Morph L2 Ecosystem
okt-chain-ecosystem,OKT Chain Ecosystem
wanchain-ecosystem,Wanchain Ecosystem
theta-ecosystem,Theta Ecosystem
songbird-ecosystem,Songbird Ecosystem
kadena-ecosystem,Kadena Ecosystem
boba-network-ecosystem,Boba Network Ecosystem
neo-ecosystem,NEO Ecosystem
kucoin-community-chain-ecosystem,Kucoin Community Chain Ecosystem
oec-ecosystem,OEC Ecosystem
syscoin-nevm-ecosystem,Syscoin NEVM Ecosystem
zedxion-ecosystem,Zedxion Ecosystem
re-al-ecosystem,Re.al Ecosystem
elastos-smart-contract-chain-ecosystem,Elastos Smart Contract Chain Ecosystem
corn-ecosystem,Corn Ecosystem
massa-ecosystem,Massa Ecosystem
ethereum-classic-ecosystem,Ethereum Classic Ecosystem
step-network-ecosystem,Step Network Ecosystem
zora-ecosystem,Zora Ecosystem
shimmerevm-ecosystem,ShimmerEVM Ecosystem
movement-ecosystem,Movement Ecosystem
hydra-ecosystem,Hydra Ecosystem
thundercore-ecosystem,ThunderCore Ecosystem
degen-ecosystem,Degen Ecosystem
goat-ecosystem,Goat Ecosystem
wax-ecosystem,Wax Ecosystem
juno-ecosystem,Juno Ecosystem
superseed-ecosystem,Superseed Ecosystem
haven1-ecosystem,Haven1 Ecosystem
sanko-ecosystem,Sanko Ecosystem
smartbch-ecosystem,SmartBCH Ecosystem
alephium-ecosystem,Alephium Ecosystem
taraxa-ecosystem,Taraxa Ecosystem
bsquared-network-ecosystem,BSquared Network Ecosystem
vechain-ecosystem,VeChain Ecosystem
flow-ecosystem,Flow Ecosystem
kroma-ecosystem,Kroma Ecosystem
bitrock-ecosystem,Bitrock Ecosystem
zklink-nova-ecosystem,zkLink Nova Ecosystem
bevm-ecosystem,BEVM Ecosystem
edu-chain-ecosystem,EDU Chain Ecosystem
memecore-ecosystem,MemeCore Ecosystem
shido-network-ecosystem,Shido Network Ecosystem
gatelayer-ecosystem,GateLayer Ecosystem
bitgert-ecosystem,Bitgert Ecosystem
saga-ecosystem,Saga Ecosystem
q-mainnet-ecosystem,Q Mainnet Ecosystem
astar-zkevm-ecosystem,Astar zkEVM Ecosystem
lukso-ecosystem,Lukso Ecosystem
laika-ecosystem,Laika Ecosystem
oraichain-ecosystem,Oraichain Ecosystem
gravity-alpha-ecosystem,Gravity Alpha Ecosystem
besc-hyperchain-ecosystem,BESC HyperChain Ecosystem
airdao-ecosystem,AirDAO Ecosystem
oasis-sapphire-ecosystem,Oasis Sapphire Ecosystem
dfk-chain-ecosystem,DFK Chain Ecosystem
redbelly-network-ecosystem,Redbelly Network Ecosystem
mint-ecosystem,Mint Ecosystem
migaloo-ecosystem,Migaloo Ecosystem
somnia-ecosystem,Somnia Ecosystem
initia-ecosystem,Initia Ecosystem
botanix-ecosystem,Botanix Ecosystem
glue-ecosystem,Glue Ecosystem
duckchain-ecosystem,DuckChain Ecosystem
venom-ecosystem,Venom Ecosystem
bahamut-ecosystem,Bahamut Ecosystem
eos-ecosystem,EOS Ecosystem
nibiru-ecosystem,Nibiru Ecosystem
0g-ecosystem,0g Ecosystem
mezo-ecosystem,Mezo Ecosystem
hela-ecosystem,HeLa Ecosystem
mantra-ecosystem,Mantra Ecosystem
pundi-aifx-omnilayer-ecosystem,Pundi AIFX Omnilayer Ecosystem
rss3-vsl-ecosystem,RSS3 VSL Ecosystem
bouncebit-ecosystem,BounceBit Ecosystem
units-network-ecosystem,Unit0 Network Ecosystem
vanar-chain-ecosystem,Vanar Chain Ecosystem
provenance-ecosystem,Provenance Ecosystem
zero-network-ecosystem,Zero Network Ecosystem
parex-network-ecosystem,Parex Network Ecosystem
sx-rollup-ecosystem,SX Rollup Ecosystem
humanode-ecosystem,Humanode Ecosystem
artela-ecosystem,Artela Ecosystem
electroneum-ecosystem,Electroneum Ecosystem
ziliqa-evm-ecosystem,Ziliqa EVM Ecosystem
endurance-ecosystem,Endurance Ecosystem
vana-ecosystem,Vana Ecosystem
genesys-network-ecosystem,Genesys Network Ecosystem
larissa-ecosystem,Larissa Ecosystem
ql1-ecosystem,QL1 Ecosystem
inevm-ecosystem,inEVM Ecosystem
proof-of-memes-ecosystem,Proof of Memes Ecosystem
superposition-ecosystem,Superposition Ecosystem
galachain-ecosystem,GalaChain Ecosystem
zano-ecosystem,Zano Ecosystem
hashkey-chain-ecosystem,HashKey Chain Ecosystem
ancient8-ecosystem,Ancient8 Ecosystem
iota-ecosystem,IOTA Ecosystem
xone-ecosystem,Xone Ecosystem
lens-ecosystem,Lens Ecosystem
defiverse-ecosystem,Defiverse Ecosystem
xai-ecosystem,XAI Ecosystem
edgeware-ecosystem,Edgeware Ecosystem
deepbrain-chain-ecosystem,DeepBrain Chain Ecosystem
haqq-network-ecosystem,Haqq Network Ecosystem
graphlinq-ecosystem,GraphLinq Ecosystem
saakuru-ecosystem,Saakuru Ecosystem
titanchain-ecosystem,Titanchain Ecosystem
bayblon-genesis-ecosystem,Bayblon Genesis Ecosystem
chromia-ecosystem,Chromia Ecosystem
beamprivacy-ecosystem,BeamPrivacy Ecosystem
gunz-ecosystem,GUNZ Ecosystem
apex-chain-ecosystem,Apex Chain Ecosystem
loopring-ecosystem,Loopring Ecosystem
ultron-ecosystem,Ultron Ecosystem
onchain-ecosystem,Onchain Ecosystem
elysium-ecosystem,Elysium Ecosystem
aelf-ecosystem,Aelf Ecosystem
supra-ecosystem,Supra Ecosystem
mainnetz-ecosystem,Mainnetz Ecosystem
cyber-ecosystem,Cyber Ecosystem
defimetachain-ecosystem,DefiMetaChain Ecosystem
xrpl-evm-ecosystem,XRPL EVM Ecosystem
reactive-network-ecosystem,Reactive Network Ecosystem
voi-network-ecosystem,Voi Network Ecosystem
boba-bnb-ecosystem,Boba BNB Ecosystem
quai-network-ecosystem,Quai Network Ecosystem
sonic-svm-ecosystem,Sonic SVM Ecosystem
codex-ecosystem,Codex Ecosystem
graphite-network-ecosystem,Graphite Network Ecosystem
rari-ecosystem,Rari Ecosystem
8bit-chain-ecosystem,8Bit Chain Ecosystem
alienx-ecosystem,AlienX Ecosystem
celer-network,Celer Network
tenet-ecosystem,Tenet Ecosystem
icb-network-ecosystem,ICB Network Ecosystem
qubic-chain-ecosystem,Qubic Ecosystem
zenon-ecosystem,Zenon Ecosystem
vyvo-smart-chain-ecosystem,Vyvo Smart Chain Ecosystem
uton-ecosystem,UTON Ecosystem
nahmii-ecosystem,Nahmii Ecosystem
jibchain-ecosystem,Jibchain Ecosystem
enuls-ecosystem,ENULS Ecosystem
megaeth-ecosystem,MegaETH Ecosystem
qitmeer-network-ecosystem,Qitmeer Network Ecosystem
winr-ecosystem,Winr Ecosystem
odyssey-ecosystem,Odyssey Ecosystem
lamina1-ecosystem,Lamina1 Ecosystem
dmex-ecosystem,DMEX Ecosystem
eventum-ecosystem,Eventum Ecosystem
kinto-ecosystem,Kinto Ecosystem
multivac-ecosystem,MultiVAC Ecosystem
maxxchain-ecosystem,MaxxChain Ecosystem
omnia-ecosystem,Omnia Ecosystem
xt-smart-chain-ecosystem,XT Smart Chain Ecosystem
crossfi-ecosystem,CrossFi Ecosystem
redstone-ecosystem,Redstone Ecosystem
platon-network-ecosystem,PlatON Network Ecosystem
alveychain-ecosystem,Alveychain Ecosystem
combo-ecosystem,Combo Ecosystem
lung-ecosystem,Lung Ecosystem
moonchain-ecosystem,Moonchain Ecosystem
playa3ull-games-ecosystem,PLAYA3ULL Games Ecosystem
ham-ecosystem,Ham Ecosystem
